{"min": [-0.520683, -0.683366, -0.590055], "max": [0.52153, 0.693844, 0.84055]}