{"min": [-0.464057, -0.781833, -0.520191], "max": [0.457714, 0.732503, 0.615864]}